StudentID,Gender,Age,Course,Attendance,Score,StudyHours
S001,Male,17,Health,89.5,72,8.5
S002,Female,18,Health,94.0,81,12.0
S003,Male,17,IT,91.2,77,10.5
S004,Female,19,IT,97.8,92,15.5
S005,Male,18,Science,85.7,68,7.0
S006,Female,17,Science,93.1,84,13.0
S007,Male,18,Business,88.4,74,9.5
S008,Female,17,Business,95.2,89,14.0
S009,Male,19,Health,82.5,65,6.0
S010,Female,18,IT,98.1,95,18.0
S011,Male,17,Science,90.0,78,11.0
S012,Female,18,Business,92.4,83,12.5
S013,Male,19,Health,87.0,71,8.0
S014,Female,17,IT,96.4,91,16.0
S015,Male,18,Science,84.3,67,6.5
S016,Female,19,Business,94.7,88,13.5
S017,Male,17,Health,88.9,73,9.0
S018,Female,18,IT,97.2,93,17.0
S019,Male,18,Science,86.1,69,7.5
S020,Female,17,Business,95.0,87,14.5
S021,Male,19,Health,81.5,63,5.5
S022,Female,18,IT,96.8,90,15.0
S023,Male,17,Science,89.2,76,10.0
S024,Female,19,Business,93.5,85,12.0
S025,Male,18,Health,87.6,70,8.5
S026,Female,17,IT,98.5,96,19.0
S027,Male,18,Science,85.9,68,7.0
S028,Female,18,Business,94.3,86,13.0
S029,Male,17,Health,90.4,79,11.5
S030,Female,19,IT,97.4,94,18.5
S031,Male,18,Science,83.7,66,6.5
S032,Female,17,Business,95.8,88,14.0
S033,Male,19,Health,86.8,72,8.0
S034,Female,18,IT,97.1,92,16.5
S035,Male,17,Science,88.6,75,9.5
S036,Female,19,Business,93.9,84,12.5
S037,Male,18,Health,89.8,77,10.5
S038,Female,17,IT,98.2,97,20.0
S039,Male,18,Science,84.9,67,7.0
S040,Female,18,Business,94.6,89,13.5
S041,Male,17,Health,88.1,74,9.0
S042,Female,19,IT,96.9,91,15.5
S043,Male,18,Science,85.4,70,8.0
S044,Female,17,Business,95.1,86,13.0
S045,Male,19,Health,82.9,64,6.0
S046,Female,18,IT,97.7,93,17.5
S047,Male,17,Science,89.4,76,10.0
S048,Female,18,Business,93.7,85,12.0
S049,Male,18,Health,87.3,71,8.5
S050,Female,19,IT,98.0,95,18.0
S051,Male,17,Science,86.7,73,9.5
S052,Female,18,Business,94.8,87,13.5
S053,Male,19,Health,88.5,75,10.5
S054,Female,17,IT,97.5,94,17.0
S055,Male,18,Science,84.8,68,7.0
S056,Female,19,Business,95.6,90,14.5
S057,Male,17,Health,89.1,78,11.0
S058,Female,18,IT,96.7,92,16.0
S059,Male,18,Science,85.2,69,7.5
S060,Female,17,Business,94.1,84,12.0
S061,Male,19,Health,83.8,66,6.5
S062,Female,18,IT,97.9,96,19.5
S063,Male,17,Science,88.3,74,9.0
S064,Female,19,Business,93.4,85,12.5
S065,Male,18,Health,87.9,72,8.0
S066,Female,17,IT,98.4,97,20.0
S067,Male,18,Science,85.6,70,8.0
S068,Female,18,Business,95.3,89,14.0
S069,Male,17,Health,90.7,80,12.0
S070,Female,19,IT,96.5,91,15.0
S071,Male,18,Science,84.2,67,6.5
S072,Female,17,Business,94.9,88,14.0
S073,Male,19,Health,86.5,73,9.0
S074,Female,18,IT,97.3,93,17.0
S075,Male,17,Science,89.0,77,10.5
S076,Female,19,Business,93.8,84,12.0
S077,Male,18,Health,88.7,75,10.0
S078,Female,17,IT,98.6,98,21.0
S079,Male,18,Science,85.0,69,7.5
S080,Female,18,Business,95.4,87,13.5
S081,Male,17,Health,89.3,76,10.5
S082,Female,19,IT,96.6,92,16.0
S083,Male,18,Science,84.6,68,7.0
S084,Female,17,Business,94.2,85,12.5
S085,Male,19,Health,83.1,65,6.0
S086,Female,18,IT,97.6,94,18.0
S087,Male,17,Science,88.8,74,9.0
S088,Female,18,Business,95.7,90,15.0
S089,Male,18,Health,87.5,71,8.5
S090,Female,19,IT,98.3,96,19.0
S091,Male,17,Science,89.6,78,11.0
S092,Female,18,Business,93.6,86,13.0
S093,Male,19,Health,86.2,72,8.0
S094,Female,,IT,97.0,93,17.0
S095,Male,18,Science,85.5,,7.5
S096,Female,17,Business,,88,14.0
S097,Male,19,Health,88.0,74,
S098,Female,18,IT,98.1,95,18.5
S099,Male,17,Science,84.7,69,7.0
S100,Female,19,Business,95.0,89,14.5
S101,Female,15,Health,82.4,74,12.5